id,category,cluster
3734213818,Agriculture & Environmental,0
3742143529,Agriculture & Environmental,0
3728211952,Agriculture & Environmental,0
3732288454,Agriculture & Environmental,0
3729947683,Agriculture & Environmental,0
3747309506,Agriculture & Environmental,0
3729711413,Agriculture & Environmental,0
3734020007,Agriculture & Environmental,0
3732612100,Agriculture & Environmental,0
3742809066,Agriculture & Environmental,0
3723991295,Agriculture & Environmental,0
3733092655,Agriculture & Environmental,0
3729001415,Agriculture & Environmental,0
3718297408,Agriculture & Environmental,0
3735956531,Agriculture & Environmental,0
3735954336,Agriculture & Environmental,0
3740391406,Agriculture & Environmental,0
3748331679,Agriculture & Environmental,0
3742532970,Agriculture & Environmental,0
3732710094,Agriculture & Environmental,0
3697940654,Agriculture & Environmental,0
3738162692,Agriculture & Environmental,0
3731599814,Agriculture & Environmental,0
3733999716,Agriculture & Environmental,0
3726709647,Agriculture & Environmental,0
3741518336,Agriculture & Environmental,0
3738080557,Agriculture & Environmental,0
3736460851,Agriculture & Environmental,0
3732711040,Agriculture & Environmental,0
3673108398,Agriculture & Environmental,0
3748938068,Arts & Entertainment,1
3742802765,Arts & Entertainment,1
3724886109,Arts & Entertainment,1
3734223438,Arts & Entertainment,1
3734693394,Arts & Entertainment,1
3712054491,Arts & Entertainment,1
3720873885,Arts & Entertainment,1
3730874575,Arts & Entertainment,1
3748425053,Arts & Entertainment,1
3754137828,Arts & Entertainment,1
3750698928,Arts & Entertainment,1
3746801680,Arts & Entertainment,1
3731286342,Arts & Entertainment,1
3748732555,Arts & Entertainment,1
3748263293,Arts & Entertainment,1
3749842470,Arts & Entertainment,1
3748953826,Arts & Entertainment,1
3730371784,Arts & Entertainment,1
3750125578,Arts & Entertainment,1
3737171146,Arts & Entertainment,1
3746209485,Arts & Entertainment,1
3744803947,Arts & Entertainment,1
3649664540,Arts & Entertainment,1
3738374889,Arts & Entertainment,1
3729835937,Arts & Entertainment,1
3667296454,Arts & Entertainment,1
3687641072,Arts & Entertainment,1
3738548768,Arts & Entertainment,1
3703048376,Arts & Entertainment,1
3733349683,Arts & Entertainment,1
3712054488,Arts & Entertainment,1
3707040281,Arts & Entertainment,1
3732704973,Arts & Entertainment,1
3748257971,Arts & Entertainment,1
3720177336,Arts & Entertainment,1
3750536550,Arts & Entertainment,1
3741160431,Arts & Entertainment,1
3744007414,Arts & Entertainment,1
3734599812,Arts & Entertainment,1
3742900228,Arts & Entertainment,1
3735085396,Arts & Entertainment,1
3746793051,Arts & Entertainment,1
3743824948,Arts & Entertainment,1
3747674563,Arts & Entertainment,1
3756927444,Arts & Entertainment,1
3613077276,Arts & Entertainment,1
3710526267,Arts & Entertainment,1
3745302938,Arts & Entertainment,1
3735224232,Arts & Entertainment,1
3646026149,Arts & Entertainment,1
3750889379,Arts & Entertainment,1
3751107252,Arts & Entertainment,1
3673669734,Arts & Entertainment,1
3738079781,Arts & Entertainment,1
3741916905,Arts & Entertainment,1
3714444948,Arts & Entertainment,1
3735304049,Arts & Entertainment,1
3747949512,Arts & Entertainment,1
3748928225,Arts & Entertainment,1
3719410410,Arts & Entertainment,1
3711771384,Arts & Entertainment,1
3695087132,Arts & Entertainment,1
3582185227,Arts & Entertainment,1
3642604713,Arts & Entertainment,1
3613046264,Arts & Entertainment,1
3733407124,Arts & Entertainment,1
3750698893,Construction & Real Estate,2
3691229224,Construction & Real Estate,2
3736551899,Construction & Real Estate,2
3737710573,Construction & Real Estate,2
3646584855,Construction & Real Estate,2
3750891388,Construction & Real Estate,2
3746466314,Construction & Real Estate,2
3737709595,Construction & Real Estate,2
3707036647,Construction & Real Estate,2
3732853334,Construction & Real Estate,2
3746745157,Construction & Real Estate,2
3731138907,Construction & Real Estate,2
3740566260,Construction & Real Estate,2
3724368970,Construction & Real Estate,2
3735008229,Construction & Real Estate,2
3737170105,Construction & Real Estate,2
3744091309,Construction & Real Estate,2
3735936484,Construction & Real Estate,2
3664564688,Construction & Real Estate,2
3732851578,Construction & Real Estate,2
3723352045,Construction & Real Estate,2
3732174140,Construction & Real Estate,2
3694024861,Construction & Real Estate,2
3695980818,Construction & Real Estate,2
3732220891,Construction & Real Estate,2
3741652472,Creative Arts & Design,3
3736837642,Creative Arts & Design,3
3707032590,Creative Arts & Design,3
3739532869,Creative Arts & Design,3
3735089906,Creative Arts & Design,3
3711520488,Creative Arts & Design,3
3747393873,Creative Arts & Design,3
3709890161,Creative Arts & Design,3
3690376629,Creative Arts & Design,3
3732705660,Creative Arts & Design,3
3735263030,Creative Arts & Design,3
3740054447,Creative Arts & Design,3
3690683736,Creative Arts & Design,3
3735648339,Creative Arts & Design,3
3724340705,Creative Arts & Design,3
3738500368,Creative Arts & Design,3
3714331463,Creative Arts & Design,3
3732705571,Creative Arts & Design,3
3732711036,Creative Arts & Design,3
3745302963,Creative Arts & Design,3
3741517723,Creative Arts & Design,3
3725260601,Creative Arts & Design,3
3728426360,Creative Arts & Design,3
3730014538,Creative Arts & Design,3
3341144377,Creative Arts & Design,3
3737990074,Creative Arts & Design,3
3741343036,Creative Arts & Design,3
3737986658,Creative Arts & Design,3
3745303782,Creative Arts & Design,3
3737417817,Creative Arts & Design,3
3732704943,Creative Arts & Design,3
3590303571,Creative Arts & Design,3
3735913304,Creative Arts & Design,3
3747147145,Creative Arts & Design,3
3727013725,Creative Arts & Design,3
3732704923,Creative Arts & Design,3
3734621117,Creative Arts & Design,3
3720122993,Creative Arts & Design,3
3743408117,Creative Arts & Design,3
3690100373,Creative Arts & Design,3
3745342754,Creative Arts & Design,3
3747052368,Creative Arts & Design,3
3732715357,Creative Arts & Design,3
3739325114,Creative Arts & Design,3
3754786431,Creative Arts & Design,3
3749556219,Creative Arts & Design,3
3740302723,Creative Arts & Design,3
3723238539,Creative Arts & Design,3
3736445225,Creative Arts & Design,3
3754984929,Creative Arts & Design,3
3711771502,Creative Arts & Design,3
3734830056,Creative Arts & Design,3
3757134902,Creative Arts & Design,3
3748308551,Creative Arts & Design,3
3748421734,Creative Arts & Design,3
3737525910,Creative Arts & Design,3
3732708256,Creative Arts & Design,3
3721857254,Creative Arts & Design,3
3736674976,Creative Arts & Design,3
3748210116,Creative Arts & Design,3
3733406794,Creative Arts & Design,3
3736443618,Creative Arts & Design,3
3744152721,Creative Arts & Design,3
3738377797,Creative Arts & Design,3
3708511439,Creative Arts & Design,3
3747790280,Creative Arts & Design,3
3732704092,Creative Arts & Design,3
3738185958,Creative Arts & Design,3
3734727297,Creative Arts & Design,3
3737895853,Creative Arts & Design,3
3737043011,Education & Training,4
3673078872,Education & Training,4
3703431294,Education & Training,4
3713673550,Education & Training,4
3707759475,Education & Training,4
3741970610,Education & Training,4
3641767702,Education & Training,4
3728820236,Education & Training,4
3741481582,Education & Training,4
3673078968,Education & Training,4
3734123702,Education & Training,4
3641766823,Education & Training,4
3737780092,Education & Training,4
3723072614,Education & Training,4
3641768531,Education & Training,4
3641765661,Education & Training,4
3732215603,Education & Training,4
3673084182,Education & Training,4
3641766647,Education & Training,4
3708835883,Education & Training,4
3641775779,Education & Training,4
3677220558,Education & Training,4
3742754996,Education & Training,4
3738514558,Education & Training,4
3739541982,Education & Training,4
3641771014,Education & Training,4
3641766866,Education & Training,4
3704949611,Education & Training,4
3673077892,Education & Training,4
3641762901,Education & Training,4
3736258401,Education & Training,4
3674619341,Education & Training,4
3735673332,Education & Training,4
3728461550,Education & Training,4
3737776257,Education & Training,4
3724415000,Education & Training,4
3673085513,Education & Training,4
3701420292,Education & Training,4
3676099252,Education & Training,4
3750541694,Education & Training,4
3750299687,Education & Training,4
3754423628,Education & Training,4
3714811919,Education & Training,4
3750678779,Education & Training,4
3754977460,Education & Training,4
3754303560,Education & Training,4
3746379019,Education & Training,4
3754151357,Education & Training,4
3750076696,Education & Training,4
3752273001,Education & Training,4
3752268403,Education & Training,4
3754181455,Education & Training,4
3754708847,Education & Training,4
3755338778,Education & Training,4
3752268426,Education & Training,4
3752267544,Education & Training,4
3747047280,Education & Training,4
3752266734,Education & Training,4
3752266744,Education & Training,4
3750539897,Education & Training,4
3747422842,Education & Training,4
3750298730,Education & Training,4
3750544432,Education & Training,4
3670662091,Education & Training,4
3730177152,Education & Training,4
3664564851,Education & Training,4
3737847340,Education & Training,4
3675804451,Education & Training,4
3746222860,Education & Training,4
3667127469,Education & Training,4
3719412077,Education & Training,4
3743054097,Education & Training,4
3729514342,Education & Training,4
3720892063,Education & Training,4
3674331329,Education & Training,4
3743469731,Education & Training,4
3633099799,Education & Training,4
3679593042,Education & Training,4
3751143250,Education & Training,4
3730978143,Education & Training,4
3730585557,Education & Training,4
3743205828,Education & Training,4
3746467016,Education & Training,4
3742635374,Education & Training,4
3739987962,Education & Training,4
3641737877,Education & Training,4
3718613719,Education & Training,4
3747532198,Education & Training,4
3708579255,Education & Training,4
3744787928,Education & Training,4
3745914374,Education & Training,4
3746570402,Education & Training,4
3744799431,Education & Training,4
3733965737,Education & Training,4
3736551056,Education & Training,4
3741551173,Education & Training,4
3741078863,Education & Training,4
3734800883,Education & Training,4
3687778767,Education & Training,4
3740721379,Education & Training,4
3679810790,Education & Training,4
3742815528,Education & Training,4
3709887878,Education & Training,4
3691112889,Education & Training,4
3729371610,Education & Training,4
3652428321,Education & Training,4
3733785817,Education & Training,4
3709890677,Education & Training,4
3736017010,Education & Training,4
3686771280,Education & Training,4
3350686113,Education & Training,4
3676095688,Education & Training,4
3709893173,Education & Training,4
3701580172,Education & Training,4
3749003594,Education & Training,4
3734598695,Education & Training,4
3742409674,Education & Training,4
3740804429,Education & Training,4
3741885578,Education & Training,4
3746221609,Education & Training,4
3747354677,Education & Training,4
3744797372,Education & Training,4
3750536686,Education & Training,4
3744790964,Education & Training,4
3750689848,Education & Training,4
3755719042,Education & Training,4
3741862091,Education & Training,4
3641770042,Education & Training,4
3750544259,Education & Training,4
3744799333,Education & Training,4
3750299690,Education & Training,4
3736533016,Education & Training,4
3733813905,Education & Training,4
3719947061,Education & Training,4
3740090779,Education & Training,4
3745369437,Education & Training,4
3635334017,Education & Training,4
3743913500,Education & Training,4
3742577734,Education & Training,4
3744091667,Education & Training,4
3730665533,Education & Training,4
3748579693,Education & Training,4
3737945910,Education & Training,4
3729693958,Education & Training,4
3711690478,Education & Training,4
3739872224,Education & Training,4
3734203493,Education & Training,4
3590317674,Education & Training,4
3641771159,Education & Training,4
3673089033,Education & Training,4
3740392159,Education & Training,4
3703429324,Education & Training,4
3737604175,Education & Training,4
3736024481,Education & Training,4
3694417130,Education & Training,4
3736389897,Education & Training,4
3664541738,Education & Training,4
3736851202,Education & Training,4
3733657541,Education & Training,4
3641771087,Education & Training,4
3658777464,Education & Training,4
3641762978,Education & Training,4
3720410334,Education & Training,4
3741661149,Education & Training,4
3673082406,Education & Training,4
3742166838,Education & Training,4
3731376318,Education & Training,4
3641818000,Education & Training,4
3667477972,Education & Training,4
3590309767,Education & Training,4
3726117997,Education & Training,4
3738076957,Education & Training,4
3732202341,Education & Training,4
3673080821,Education & Training,4
3739547004,Education & Training,4
3738247853,Education & Training,4
3712625082,Education & Training,4
3735911902,Education & Training,4
3644641934,Energy & Utilities,5
3735313410,Energy & Utilities,5
3695404872,Energy & Utilities,5
3737169152,Energy & Utilities,5
3736013880,Energy & Utilities,5
3733575296,Energy & Utilities,5
3722078958,Energy & Utilities,5
3748742193,Energy & Utilities,5
3737405580,Energy & Utilities,5
3730362209,Energy & Utilities,5
3649666448,Energy & Utilities,5
3671822345,Energy & Utilities,5
3739392611,Energy & Utilities,5
3734672249,Energy & Utilities,5
3736031813,Energy & Utilities,5
3726643133,Energy & Utilities,5
3737686109,Energy & Utilities,5
3641761745,Energy & Utilities,5
3732112853,Energy & Utilities,5
3694664644,Energy & Utilities,5
3720761308,Energy & Utilities,5
3666754882,Energy & Utilities,5
3730562750,Energy & Utilities,5
3741122921,Energy & Utilities,5
3720326473,Energy & Utilities,5
3737169148,Energy & Utilities,5
3702372033,Energy & Utilities,5
3711655940,Energy & Utilities,5
3721920219,Energy & Utilities,5
3739413486,Energy & Utilities,5
3732000005,Energy & Utilities,5
3733761710,Energy & Utilities,5
3733090098,Energy & Utilities,5
3724340990,Energy & Utilities,5
3696880883,Energy & Utilities,5
3656360733,Energy & Utilities,5
3728254395,Energy & Utilities,5
3728892829,Energy & Utilities,5
3721923080,Energy & Utilities,5
3718295235,Energy & Utilities,5
3721187215,Energy & Utilities,5
3724324602,Energy & Utilities,5
3699221597,Energy & Utilities,5
3720350499,Energy & Utilities,5
3736266000,Energy & Utilities,5
3731095764,Energy & Utilities,5
3738816981,Energy & Utilities,5
3733085776,Energy & Utilities,5
3661007506,Energy & Utilities,5
3730525697,Energy & Utilities,5
3742804837,Energy & Utilities,5
3726708678,Energy & Utilities,5
3740587540,Energy & Utilities,5
3730141592,Energy & Utilities,5
3729712439,Energy & Utilities,5
3735363543,Energy & Utilities,5
3600127954,Energy & Utilities,5
3729057275,Energy & Utilities,5
3732218970,Energy & Utilities,5
3696884481,Energy & Utilities,5
3730587613,Energy & Utilities,5
3582801924,Energy & Utilities,5
3731094871,Energy & Utilities,5
3718919084,Energy & Utilities,5
3672966254,Energy & Utilities,5
3636871164,Energy & Utilities,5
3733661135,Energy & Utilities,5
3658909284,Energy & Utilities,5
3723324396,Energy & Utilities,5
3727062441,Energy & Utilities,5
3739872182,Energy & Utilities,5
3633352527,Energy & Utilities,5
3744798358,Energy & Utilities,5
3721890512,Energy & Utilities,5
3732034668,Energy & Utilities,5
3737235572,Energy & Utilities,5
3738190928,Energy & Utilities,5
3578402741,Energy & Utilities,5
3647989948,Energy & Utilities,5
3730099190,Energy & Utilities,5
3648520788,Energy & Utilities,5
3731098662,Energy & Utilities,5
3732086091,Energy & Utilities,5
3751748049,Energy & Utilities,5
3742660721,Energy & Utilities,5
3715804445,Energy & Utilities,5
3735655343,Energy & Utilities,5
3726963258,Energy & Utilities,5
3600143852,Energy & Utilities,5
3650476595,Energy & Utilities,5
3733344902,Energy & Utilities,5
3714594624,Energy & Utilities,5
3723233073,Energy & Utilities,5
3741667936,Energy & Utilities,5
3727732407,Engineering & Manufacturing,6
3731776850,Engineering & Manufacturing,6
3656180765,Engineering & Manufacturing,6
3715387834,Engineering & Manufacturing,6
3742061238,Engineering & Manufacturing,6
3741139156,Engineering & Manufacturing,6
3731299366,Engineering & Manufacturing,6
3726278718,Engineering & Manufacturing,6
3629561668,Engineering & Manufacturing,6
3751467724,Engineering & Manufacturing,6
3718415807,Engineering & Manufacturing,6
3654584312,Engineering & Manufacturing,6
3613078253,Engineering & Manufacturing,6
3724260027,Engineering & Manufacturing,6
3728791480,Engineering & Manufacturing,6
3728284107,Engineering & Manufacturing,6
3735366205,Engineering & Manufacturing,6
3693024492,Engineering & Manufacturing,6
3734801812,Engineering & Manufacturing,6
3664549741,Engineering & Manufacturing,6
3738922458,Engineering & Manufacturing,6
3754351250,Engineering & Manufacturing,6
3746467017,Engineering & Manufacturing,6
3728887478,Engineering & Manufacturing,6
3745521026,Engineering & Manufacturing,6
3738976895,Engineering & Manufacturing,6
3660036359,Engineering & Manufacturing,6
3734803730,Engineering & Manufacturing,6
3731410302,Engineering & Manufacturing,6
3712797338,Engineering & Manufacturing,6
3720792891,Engineering & Manufacturing,6
3715189653,Engineering & Manufacturing,6
3735079926,Engineering & Manufacturing,6
3728463068,Engineering & Manufacturing,6
3661065121,Engineering & Manufacturing,6
3744808292,Engineering & Manufacturing,6
3755215822,Engineering & Manufacturing,6
3734559102,Engineering & Manufacturing,6
3732705232,Engineering & Manufacturing,6
3694738651,Engineering & Manufacturing,6
3746464537,Engineering & Manufacturing,6
3747651106,Engineering & Manufacturing,6
3746466061,Engineering & Manufacturing,6
3739564093,Engineering & Manufacturing,6
3742659730,Engineering & Manufacturing,6
3735314980,Engineering & Manufacturing,6
3732218963,Engineering & Manufacturing,6
3721301968,Engineering & Manufacturing,6
3664566535,Engineering & Manufacturing,6
3729051650,Engineering & Manufacturing,6
3748518070,Engineering & Manufacturing,6
3728826395,Engineering & Manufacturing,6
3730068366,Engineering & Manufacturing,6
3743978782,Engineering & Manufacturing,6
3678671484,Engineering & Manufacturing,6
3742712983,Engineering & Manufacturing,6
3733577210,Engineering & Manufacturing,6
3709891533,Engineering & Manufacturing,6
3746464536,Engineering & Manufacturing,6
3735085354,Engineering & Manufacturing,6
3730583887,Engineering & Manufacturing,6
3737231871,Engineering & Manufacturing,6
3744813137,Engineering & Manufacturing,6
3726611909,Engineering & Manufacturing,6
3743400838,Engineering & Manufacturing,6
3618977206,Engineering & Manufacturing,6
3730370874,Engineering & Manufacturing,6
3730667079,Engineering & Manufacturing,6
3744973548,Engineering & Manufacturing,6
3727239529,Engineering & Manufacturing,6
3726619692,Engineering & Manufacturing,6
3736215508,Engineering & Manufacturing,6
3664561521,Engineering & Manufacturing,6
3736572752,Engineering & Manufacturing,6
3724312445,Engineering & Manufacturing,6
3730374331,Engineering & Manufacturing,6
3745480774,Engineering & Manufacturing,6
3745623385,Engineering & Manufacturing,6
3736346139,Engineering & Manufacturing,6
3747647486,Engineering & Manufacturing,6
3748869494,Engineering & Manufacturing,6
3732530872,Engineering & Manufacturing,6
3747348407,Engineering & Manufacturing,6
3736575016,Engineering & Manufacturing,6
3687764366,Engineering & Manufacturing,6
3733346039,Engineering & Manufacturing,6
3725268739,Engineering & Manufacturing,6
3746460986,Engineering & Manufacturing,6
3724764727,Engineering & Manufacturing,6
3745484241,Engineering & Manufacturing,6
3731366794,Engineering & Manufacturing,6
3733213888,Engineering & Manufacturing,6
3724301912,Engineering & Manufacturing,6
3747650224,Engineering & Manufacturing,6
3668169080,Engineering & Manufacturing,6
3682735987,Engineering & Manufacturing,6
3744882176,Engineering & Manufacturing,6
3722176010,Engineering & Manufacturing,6
3746469192,Engineering & Manufacturing,6
3736006617,Engineering & Manufacturing,6
3747349391,Engineering & Manufacturing,6
3722468093,Engineering & Manufacturing,6
3747011188,Engineering & Manufacturing,6
3680702045,Engineering & Manufacturing,6
3738526484,Engineering & Manufacturing,6
3747346778,Engineering & Manufacturing,6
3577894554,Engineering & Manufacturing,6
3686759489,Engineering & Manufacturing,6
3576920179,Engineering & Manufacturing,6
3756206535,Engineering & Manufacturing,6
3730375312,Engineering & Manufacturing,6
3744796238,Engineering & Manufacturing,6
3734553609,Engineering & Manufacturing,6
3739422262,Engineering & Manufacturing,6
3723598416,Engineering & Manufacturing,6
3696928320,Engineering & Manufacturing,6
3742660715,Engineering & Manufacturing,6
3747646712,Engineering & Manufacturing,6
3735266151,Engineering & Manufacturing,6
3755109962,Engineering & Manufacturing,6
3676374840,Engineering & Manufacturing,6
3737494827,Engineering & Manufacturing,6
3741125847,Engineering & Manufacturing,6
3746467291,Engineering & Manufacturing,6
3726266848,Engineering & Manufacturing,6
3748514798,Engineering & Manufacturing,6
3703434032,Engineering & Manufacturing,6
3732039378,Engineering & Manufacturing,6
3622508936,Engineering & Manufacturing,6
3655541834,Engineering & Manufacturing,6
3716916747,Engineering & Manufacturing,6
3732117137,Engineering & Manufacturing,6
3742154360,Engineering & Manufacturing,6
3733565849,Engineering & Manufacturing,6
3741631204,Engineering & Manufacturing,6
3741472622,Engineering & Manufacturing,6
3614173658,Engineering & Manufacturing,6
3629564516,Engineering & Manufacturing,6
3598845835,Engineering & Manufacturing,6
3590327265,Engineering & Manufacturing,6
3749589482,Engineering & Manufacturing,6
3736648138,Engineering & Manufacturing,6
3737206149,Engineering & Manufacturing,6
3698323911,Engineering & Manufacturing,6
3737357802,Engineering & Manufacturing,6
3735225034,Engineering & Manufacturing,6
3714628061,Engineering & Manufacturing,6
3731595329,Engineering & Manufacturing,6
3714629012,Engineering & Manufacturing,6
3746628025,Engineering & Manufacturing,6
3731062740,Engineering & Manufacturing,6
3732894230,Engineering & Manufacturing,6
3754915949,Engineering & Manufacturing,6
3747648316,Engineering & Manufacturing,6
3723972823,Engineering & Manufacturing,6
3732708242,Engineering & Manufacturing,6
3733091059,Engineering & Manufacturing,6
3664562997,Engineering & Manufacturing,6
3735365289,Engineering & Manufacturing,6
3736440819,Engineering & Manufacturing,6
3747651117,Engineering & Manufacturing,6
3752496418,Engineering & Manufacturing,6
3728467377,Engineering & Manufacturing,6
3641772055,Engineering & Manufacturing,6
3648595807,Engineering & Manufacturing,6
3746628055,Engineering & Manufacturing,6
3737387213,Engineering & Manufacturing,6
3733150069,Engineering & Manufacturing,6
3747345799,Engineering & Manufacturing,6
3742637787,Engineering & Manufacturing,6
3747649230,Engineering & Manufacturing,6
3747646688,Engineering & Manufacturing,6
3741767383,Engineering & Manufacturing,6
3724656213,Engineering & Manufacturing,6
3745036873,Finance & Accounting,7
3738534194,Finance & Accounting,7
3746806186,Finance & Accounting,7
3748815092,Finance & Accounting,7
3641765568,Finance & Accounting,7
3732711085,Finance & Accounting,7
3727074428,Finance & Accounting,7
3646735885,Finance & Accounting,7
3736639726,Finance & Accounting,7
3740929677,Finance & Accounting,7
3704587299,Finance & Accounting,7
3641768561,Finance & Accounting,7
3699956924,Finance & Accounting,7
3652202961,Finance & Accounting,7
3721826694,Finance & Accounting,7
3665391003,Finance & Accounting,7
3725539893,Finance & Accounting,7
3729388425,Finance & Accounting,7
3732415801,Finance & Accounting,7
3752413049,Finance & Accounting,7
3727350502,Finance & Accounting,7
3733587081,Finance & Accounting,7
3736159322,Finance & Accounting,7
3719685215,Finance & Accounting,7
3724443929,Finance & Accounting,7
3741736001,Finance & Accounting,7
3673091156,Finance & Accounting,7
3736680393,Finance & Accounting,7
3641768342,Finance & Accounting,7
3735956323,Finance & Accounting,7
3729450167,Finance & Accounting,7
3727032112,Finance & Accounting,7
3728827378,Finance & Accounting,7
3733689511,Finance & Accounting,7
3728290952,Finance & Accounting,7
3736089029,Finance & Accounting,7
3743669150,Finance & Accounting,7
3742267093,Finance & Accounting,7
3744893258,Finance & Accounting,7
3748666595,Finance & Accounting,7
3748419921,Finance & Accounting,7
3737395739,Finance & Accounting,7
3679872809,Finance & Accounting,7
3745037647,Finance & Accounting,7
3741153245,Finance & Accounting,7
3728941840,Finance & Accounting,7
3728779202,Finance & Accounting,7
3736224051,Finance & Accounting,7
3714585731,Finance & Accounting,7
3737216328,Finance & Accounting,7
3738812353,Finance & Accounting,7
3744885856,Finance & Accounting,7
3742800981,Finance & Accounting,7
3756787350,Finance & Accounting,7
3728292237,Finance & Accounting,7
3731850708,Finance & Accounting,7
3750180159,Finance & Accounting,7
3727847609,Finance & Accounting,7
3738980211,Finance & Accounting,7
3732863099,Finance & Accounting,7
3754818290,Finance & Accounting,7
3742411069,Finance & Accounting,7
3724283011,Finance & Accounting,7
3732083135,Finance & Accounting,7
3659386794,Finance & Accounting,7
3750112932,Finance & Accounting,7
3735225045,Finance & Accounting,7
3750072963,Finance & Accounting,7
3746801783,Finance & Accounting,7
3749452894,Finance & Accounting,7
3691150403,Finance & Accounting,7
3726615898,Finance & Accounting,7
3727775448,Finance & Accounting,7
3754336779,Finance & Accounting,7
3745376619,Finance & Accounting,7
3726387224,Finance & Accounting,7
3724819775,Finance & Accounting,7
3754310821,Finance & Accounting,7
3748433196,Finance & Accounting,7
3754139530,Finance & Accounting,7
3744753974,Finance & Accounting,7
3641769989,Finance & Accounting,7
3673082400,Finance & Accounting,7
3741151380,Finance & Accounting,7
3688418060,Finance & Accounting,7
3664554925,Finance & Accounting,7
3641768357,Finance & Accounting,7
3641764860,Finance & Accounting,7
3750347065,Finance & Accounting,7
3750342661,Finance & Accounting,7
3741258090,Finance & Accounting,7
3756995151,Finance & Accounting,7
3745136504,Finance & Accounting,7
3673085739,Finance & Accounting,7
3749630927,Finance & Accounting,7
3690899529,Finance & Accounting,7
3746567673,Finance & Accounting,7
3750341819,Finance & Accounting,7
3732705619,Finance & Accounting,7
3736170203,Finance & Accounting,7
3679822317,Finance & Accounting,7
3740215608,Finance & Accounting,7
3734873498,Finance & Accounting,7
3750420647,Finance & Accounting,7
3755103584,Finance & Accounting,7
3728889492,Finance & Accounting,7
3627723574,Finance & Accounting,7
3736846479,Finance & Accounting,7
3750108372,Finance & Accounting,7
3724280682,Finance & Accounting,7
3635614728,Finance & Accounting,7
3737648360,Finance & Accounting,7
3720128091,Finance & Accounting,7
3746241665,Finance & Accounting,7
3754811723,Finance & Accounting,7
3641774635,Finance & Accounting,7
3641766928,Finance & Accounting,7
3732005746,Finance & Accounting,7
3732357331,Finance & Accounting,7
3750178057,Finance & Accounting,7
3754263847,Finance & Accounting,7
3732708293,Finance & Accounting,7
3736842052,Finance & Accounting,7
3738027557,Finance & Accounting,7
3730720194,Finance & Accounting,7
3754302003,Finance & Accounting,7
3735409924,Finance & Accounting,7
3641777083,Finance & Accounting,7
3749551890,Finance & Accounting,7
3739537528,Finance & Accounting,7
3738158604,Finance & Accounting,7
3673078808,Finance & Accounting,7
3735666549,Finance & Accounting,7
3732489753,Finance & Accounting,7
3747025596,Finance & Accounting,7
3732010959,Finance & Accounting,7
3735665665,Finance & Accounting,7
3605698056,Finance & Accounting,7
3749049678,Finance & Accounting,7
3755177733,Finance & Accounting,7
3719613299,Finance & Accounting,7
3746464548,Finance & Accounting,7
3706995810,Finance & Accounting,7
3590303623,Finance & Accounting,7
3741083262,Finance & Accounting,7
3736566235,Finance & Accounting,7
3754938960,Finance & Accounting,7
3689228087,Finance & Accounting,7
3740228656,Finance & Accounting,7
3660131161,Finance & Accounting,7
3747004451,Finance & Accounting,7
3727215539,Finance & Accounting,7
3748850946,Finance & Accounting,7
3724277833,Finance & Accounting,7
3707080426,Finance & Accounting,7
3641767139,Finance & Accounting,7
3674540483,Finance & Accounting,7
3746724491,Finance & Accounting,7
3739750653,Finance & Accounting,7
3727015683,Finance & Accounting,7
3754997144,Finance & Accounting,7
3634608427,Finance & Accounting,7
3737302902,Finance & Accounting,7
3705727021,Finance & Accounting,7
3689974576,Finance & Accounting,7
3737190461,Finance & Accounting,7
3673083503,Finance & Accounting,7
3740438172,Finance & Accounting,7
3724284038,Finance & Accounting,7
3738131454,Finance & Accounting,7
3754307481,Finance & Accounting,7
3749246833,Finance & Accounting,7
3641773703,Finance & Accounting,7
3742028980,Finance & Accounting,7
3738992010,Finance & Accounting,7
3744047316,Finance & Accounting,7
3673086430,Finance & Accounting,7
3741339021,Finance & Accounting,7
3745590693,Finance & Accounting,7
3740096086,Finance & Accounting,7
3679802748,Government & Public Sector,8
3708942720,Government & Public Sector,8
3742816391,Government & Public Sector,8
3755106507,Government & Public Sector,8
3749271124,Government & Public Sector,8
3736672605,Government & Public Sector,8
3743287894,Government & Public Sector,8
3747970918,Government & Public Sector,8
3730355137,Government & Public Sector,8
3726695455,Government & Public Sector,8
3728094708,Government & Public Sector,8
3749050694,Government & Public Sector,8
3373755973,Government & Public Sector,8
3735306827,Government & Public Sector,8
3677263075,Government & Public Sector,8
3729092063,Government & Public Sector,8
3661861055,Government & Public Sector,8
3755129484,Government & Public Sector,8
3742409272,Government & Public Sector,8
3584484398,Government & Public Sector,8
3756513697,Government & Public Sector,8
3670243526,Government & Public Sector,8
3726229371,Government & Public Sector,8
3725934350,Government & Public Sector,8
3755230001,Government & Public Sector,8
3732174143,Government & Public Sector,8
3622602041,Government & Public Sector,8
3745636282,Government & Public Sector,8
3731285961,Government & Public Sector,8
3751514518,Government & Public Sector,8
3738513038,Government & Public Sector,8
3754606808,Government & Public Sector,8
3718297052,Government & Public Sector,8
3694156485,Government & Public Sector,8
3733350418,Government & Public Sector,8
3664528389,Government & Public Sector,8
3743683123,Government & Public Sector,8
3736590849,Government & Public Sector,8
3740232214,Government & Public Sector,8
3736912097,Government & Public Sector,8
3754423061,Government & Public Sector,8
3612003669,Government & Public Sector,8
3646973068,Government & Public Sector,8
3731725473,Government & Public Sector,8
3619292922,Government & Public Sector,8
3753489436,Government & Public Sector,8
3741252772,Government & Public Sector,8
3750039934,Government & Public Sector,8
3755108311,Government & Public Sector,8
3750535656,Government & Public Sector,8
3731368445,Government & Public Sector,8
3712312395,Government & Public Sector,8
3746227403,Government & Public Sector,8
3753766261,Government & Public Sector,8
3644204385,Government & Public Sector,8
3747982041,Government & Public Sector,8
3730295799,Government & Public Sector,8
3737515553,Government & Public Sector,8
3733676570,Government & Public Sector,8
3677243430,Government & Public Sector,8
3741481000,Government & Public Sector,8
3729136497,Government & Public Sector,8
3741652503,Government & Public Sector,8
3737382375,Government & Public Sector,8
3746783265,Government & Public Sector,8
3748943079,Government & Public Sector,8
3745374481,Government & Public Sector,8
3750807358,Government & Public Sector,8
3737727290,Government & Public Sector,8
3743139219,Government & Public Sector,8
3755104649,Government & Public Sector,8
3742521835,Government & Public Sector,8
3728565347,Government & Public Sector,8
3681922904,Government & Public Sector,8
3732039435,Government & Public Sector,8
3728828230,Government & Public Sector,8
3734548655,Government & Public Sector,8
3707414961,Government & Public Sector,8
3748625267,Government & Public Sector,8
3737792367,Government & Public Sector,8
3706656763,Government & Public Sector,8
3710999854,Government & Public Sector,8
3746506617,Government & Public Sector,8
3733460520,Government & Public Sector,8
3748711618,Government & Public Sector,8
3747041213,Government & Public Sector,8
3709888288,Government & Public Sector,8
3716913790,Government & Public Sector,8
3726576930,Government & Public Sector,8
3732850121,Healthcare & Medicine,9
3746168886,Healthcare & Medicine,9
3750174797,Healthcare & Medicine,9
3750568693,Healthcare & Medicine,9
3751515085,Healthcare & Medicine,9
3749512337,Healthcare & Medicine,9
3747782372,Healthcare & Medicine,9
3749559412,Healthcare & Medicine,9
3747653378,Healthcare & Medicine,9
3754613072,Healthcare & Medicine,9
3746223665,Healthcare & Medicine,9
3745612349,Healthcare & Medicine,9
3745605745,Healthcare & Medicine,9
3754922494,Healthcare & Medicine,9
3754363548,Healthcare & Medicine,9
3747341729,Healthcare & Medicine,9
3719402956,Healthcare & Medicine,9
3751178015,Healthcare & Medicine,9
3746856252,Healthcare & Medicine,9
3746618973,Healthcare & Medicine,9
3754809952,Healthcare & Medicine,9
3755320766,Healthcare & Medicine,9
3746224458,Healthcare & Medicine,9
3750302174,Healthcare & Medicine,9
3754311746,Healthcare & Medicine,9
3701087956,Healthcare & Medicine,9
3754326889,Healthcare & Medicine,9
3747708853,Healthcare & Medicine,9
3747482714,Healthcare & Medicine,9
3747712056,Healthcare & Medicine,9
3745529244,Healthcare & Medicine,9
3747424704,Healthcare & Medicine,9
3749838558,Healthcare & Medicine,9
3742032723,Healthcare & Medicine,9
3675363211,Healthcare & Medicine,9
3754947356,Healthcare & Medicine,9
3750347100,Healthcare & Medicine,9
3750342685,Healthcare & Medicine,9
3747760122,Healthcare & Medicine,9
3732856782,Healthcare & Medicine,9
3751106855,Healthcare & Medicine,9
3749632127,Healthcare & Medicine,9
3733406167,Healthcare & Medicine,9
3754329753,Healthcare & Medicine,9
3675556906,Healthcare & Medicine,9
3751165892,Healthcare & Medicine,9
3747760164,Healthcare & Medicine,9
3746717742,Healthcare & Medicine,9
3733399869,Healthcare & Medicine,9
3740905487,Healthcare & Medicine,9
3745593549,Healthcare & Medicine,9
3736393183,Healthcare & Medicine,9
3748855987,Healthcare & Medicine,9
3741107987,Healthcare & Medicine,9
3725846809,Healthcare & Medicine,9
3754611190,Healthcare & Medicine,9
3750687958,Healthcare & Medicine,9
3694897683,Healthcare & Medicine,9
3750829762,Healthcare & Medicine,9
3747055160,Healthcare & Medicine,9
3743664722,Healthcare & Medicine,9
3750657297,Healthcare & Medicine,9
3749551873,Healthcare & Medicine,9
3754311743,Healthcare & Medicine,9
3750300551,Healthcare & Medicine,9
3750539319,Healthcare & Medicine,9
3755341322,Healthcare & Medicine,9
3746792078,Healthcare & Medicine,9
3748492859,Healthcare & Medicine,9
3747762018,Healthcare & Medicine,9
3748517623,Healthcare & Medicine,9
3754926173,Healthcare & Medicine,9
3747482699,Healthcare & Medicine,9
3749898552,Healthcare & Medicine,9
3750298721,Healthcare & Medicine,9
3754426251,Healthcare & Medicine,9
3747484415,Healthcare & Medicine,9
3741127353,Healthcare & Medicine,9
3747714013,Healthcare & Medicine,9
3704896303,Healthcare & Medicine,9
3724266285,Healthcare & Medicine,9
3755126706,Healthcare & Medicine,9
3733071905,Healthcare & Medicine,9
3702211594,Healthcare & Medicine,9
3604207327,Healthcare & Medicine,9
3732707471,Healthcare & Medicine,9
3733402718,Healthcare & Medicine,9
3734664891,Healthcare & Medicine,9
3740208183,Healthcare & Medicine,9
3740044821,Healthcare & Medicine,9
3719410401,Healthcare & Medicine,9
3695765815,Healthcare & Medicine,9
3721786066,Healthcare & Medicine,9
3575890042,Healthcare & Medicine,9
3730983181,Healthcare & Medicine,9
3743664706,Healthcare & Medicine,9
3701425728,Healthcare & Medicine,9
3732849139,Healthcare & Medicine,9
3723236759,Healthcare & Medicine,9
3736461750,Healthcare & Medicine,9
3746624885,Healthcare & Medicine,9
3748865525,Healthcare & Medicine,9
3719976537,Healthcare & Medicine,9
3732893216,Healthcare & Medicine,9
3734664889,Healthcare & Medicine,9
3737357769,Healthcare & Medicine,9
3702212539,Healthcare & Medicine,9
3707350323,Healthcare & Medicine,9
3742755564,Healthcare & Medicine,9
3699871889,Healthcare & Medicine,9
3719978359,Healthcare & Medicine,9
3707353481,Healthcare & Medicine,9
3724283325,Healthcare & Medicine,9
3741028092,Healthcare & Medicine,9
3717741806,Healthcare & Medicine,9
3726590884,Healthcare & Medicine,9
3730407510,Healthcare & Medicine,9
3748808946,Healthcare & Medicine,9
3734596946,Healthcare & Medicine,9
3709397356,Healthcare & Medicine,9
3681500777,Healthcare & Medicine,9
3743041900,Healthcare & Medicine,9
3664531955,Healthcare & Medicine,9
3738522772,Healthcare & Medicine,9
3741764560,Healthcare & Medicine,9
3696198710,Healthcare & Medicine,9
3744545013,Healthcare & Medicine,9
3747429967,Healthcare & Medicine,9
3732849132,Healthcare & Medicine,9
3713420552,Healthcare & Medicine,9
3733962940,Healthcare & Medicine,9
3675558535,Healthcare & Medicine,9
3732893218,Healthcare & Medicine,9
3724349678,Healthcare & Medicine,9
3709481584,Healthcare & Medicine,9
3736649012,Healthcare & Medicine,9
3741130129,Healthcare & Medicine,9
3666672537,Healthcare & Medicine,9
3732890637,Healthcare & Medicine,9
3739137903,Healthcare & Medicine,9
3732183140,Healthcare & Medicine,9
3750815056,Healthcare & Medicine,9
3747568615,Healthcare & Medicine,9
3680684629,Hospitality & Tourism,10
3736168524,Hospitality & Tourism,10
3737526833,Hospitality & Tourism,10
3733056389,Hospitality & Tourism,10
3728818966,Hospitality & Tourism,10
3733038094,Hospitality & Tourism,10
3737396674,Hospitality & Tourism,10
3716068182,Hospitality & Tourism,10
3737987688,Hospitality & Tourism,10
3736882027,Hospitality & Tourism,10
3755241500,Hospitality & Tourism,10
3706081820,Hospitality & Tourism,10
3736136818,Hospitality & Tourism,10
3711520489,Hospitality & Tourism,10
3731086384,Hospitality & Tourism,10
3750537559,Hospitality & Tourism,10
3735323587,Hospitality & Tourism,10
3753401591,Hospitality & Tourism,10
3737301784,Hospitality & Tourism,10
3725227920,Hospitality & Tourism,10
3664570314,Hospitality & Tourism,10
3736257697,Hospitality & Tourism,10
3750872796,Hospitality & Tourism,10
3732707467,Hospitality & Tourism,10
3750848525,Hospitality & Tourism,10
3722977205,Hospitality & Tourism,10
3725564838,Hospitality & Tourism,10
3740400681,Hospitality & Tourism,10
3585733023,Human Resources & Recruitment,11
3732707461,Human Resources & Recruitment,11
3723217544,Human Resources & Recruitment,11
3723396992,Human Resources & Recruitment,11
3747285651,Human Resources & Recruitment,11
3746236342,Human Resources & Recruitment,11
3742291935,Human Resources & Recruitment,11
3741786747,Human Resources & Recruitment,11
3718941896,Human Resources & Recruitment,11
3750002863,Human Resources & Recruitment,11
3733315884,Human Resources & Recruitment,11
3712369385,Human Resources & Recruitment,11
3740096085,Human Resources & Recruitment,11
3737862110,Human Resources & Recruitment,11
3734721199,Human Resources & Recruitment,11
3747015815,Human Resources & Recruitment,11
3718388727,Human Resources & Recruitment,11
3749736506,Human Resources & Recruitment,11
3747019010,Human Resources & Recruitment,11
3725265172,Human Resources & Recruitment,11
3739558733,Human Resources & Recruitment,11
3689060136,Human Resources & Recruitment,11
3750863642,Human Resources & Recruitment,11
3740272014,Human Resources & Recruitment,11
3725581026,Human Resources & Recruitment,11
3739486904,Human Resources & Recruitment,11
3748985092,Human Resources & Recruitment,11
3747353472,Human Resources & Recruitment,11
3750426315,Human Resources & Recruitment,11
3741116073,Human Resources & Recruitment,11
3732656497,Human Resources & Recruitment,11
3726897583,Human Resources & Recruitment,11
3731823738,Human Resources & Recruitment,11
3732280842,Human Resources & Recruitment,11
3748262484,Human Resources & Recruitment,11
3711829624,Human Resources & Recruitment,11
3702211593,Human Resources & Recruitment,11
3735098812,Human Resources & Recruitment,11
3747645842,Human Resources & Recruitment,11
3748887683,Human Resources & Recruitment,11
3748104928,Human Resources & Recruitment,11
3740409739,Human Resources & Recruitment,11
3732282540,Human Resources & Recruitment,11
3713588129,Human Resources & Recruitment,11
3597210726,Human Resources & Recruitment,11
3744153445,Legal & Compliance,12
3672714202,Legal & Compliance,12
3730249697,Legal & Compliance,12
3745656913,Legal & Compliance,12
3745473636,Legal & Compliance,12
3742593285,Legal & Compliance,12
3736863213,Legal & Compliance,12
3731365652,Legal & Compliance,12
3753409220,Legal & Compliance,12
3735129894,Legal & Compliance,12
3748785659,Legal & Compliance,12
3740217048,Legal & Compliance,12
3743843924,Legal & Compliance,12
3747429641,Legal & Compliance,12
3757110729,Legal & Compliance,12
3750338413,Legal & Compliance,12
3740231308,Legal & Compliance,12
3744795881,Legal & Compliance,12
3750810060,Legal & Compliance,12
3733886735,Legal & Compliance,12
3747511119,Legal & Compliance,12
3731836048,Legal & Compliance,12
3751915578,Legal & Compliance,12
3704876682,Legal & Compliance,12
3741336412,Legal & Compliance,12
3733886741,Legal & Compliance,12
3748748240,Legal & Compliance,12
3755110146,Legal & Compliance,12
3732709227,Legal & Compliance,12
3711660203,Legal & Compliance,12
3753282996,Legal & Compliance,12
3754909856,Legal & Compliance,12
3749209599,Legal & Compliance,12
3708507837,Legal & Compliance,12
3742616236,Legal & Compliance,12
3725555874,Legal & Compliance,12
3732557610,Legal & Compliance,12
3734730206,Legal & Compliance,12
3755104538,Legal & Compliance,12
3743975825,Legal & Compliance,12
3749260693,Legal & Compliance,12
3743454653,Legal & Compliance,12
3727086963,Legal & Compliance,12
3732565214,Legal & Compliance,12
3728966326,Legal & Compliance,12
3728419029,Legal & Compliance,12
3731852198,Legal & Compliance,12
3748427423,Legal & Compliance,12
3750898875,Legal & Compliance,12
3732711063,Legal & Compliance,12
3645682476,Legal & Compliance,12
3739615190,Legal & Compliance,12
3651754067,Legal & Compliance,12
3731469545,Legal & Compliance,12
3716914342,Legal & Compliance,12
3740389548,Legal & Compliance,12
3750432624,Legal & Compliance,12
3752027628,Legal & Compliance,12
3755109679,Legal & Compliance,12
3701057059,Legal & Compliance,12
3725493546,Legal & Compliance,12
3746800869,Legal & Compliance,12
3747494658,Legal & Compliance,12
3711552586,Legal & Compliance,12
3729832137,Legal & Compliance,12
3739613047,Legal & Compliance,12
3747015687,Legal & Compliance,12
3748140458,Legal & Compliance,12
3728810189,Legal & Compliance,12
3751474163,Legal & Compliance,12
3729784635,Legal & Compliance,12
3755339331,Legal & Compliance,12
3734014341,Legal & Compliance,12
3745344621,Legal & Compliance,12
3667476344,Legal & Compliance,12
3749263426,Legal & Compliance,12
3743091912,Legal & Compliance,12
3725316569,Legal & Compliance,12
3715638564,Legal & Compliance,12
3723241407,Legal & Compliance,12
3724258629,Legal & Compliance,12
3745307544,Media & Communications,13
3740884492,Media & Communications,13
3732710108,Media & Communications,13
3737065241,Media & Communications,13
3745656636,Media & Communications,13
3676184380,Media & Communications,13
3699467299,Media & Communications,13
3754651989,Media & Communications,13
3703222634,Media & Communications,13
3747458612,Media & Communications,13
3753688274,Media & Communications,13
3717688644,Media & Communications,13
3748409796,Media & Communications,13
3736840210,Media & Communications,13
3710756337,Media & Communications,13
3707595350,Media & Communications,13
3730066671,Media & Communications,13
3645681627,Media & Communications,13
3755130696,Media & Communications,13
3754941363,Media & Communications,13
3747347620,Media & Communications,13
3735650008,Media & Communications,13
3733813907,Media & Communications,13
3740059000,Media & Communications,13
3730577605,Media & Communications,13
3745317350,Media & Communications,13
3731845135,Media & Communications,13
3724258124,Media & Communications,13
3748494711,Media & Communications,13
3732415810,Media & Communications,13
3681767209,Media & Communications,13
3728826396,Media & Communications,13
3747010195,Media & Communications,13
3737723368,Media & Communications,13
3737262887,Media & Communications,13
3737451006,Media & Communications,13
3664560294,Media & Communications,13
3730296704,Media & Communications,13
3747326577,Media & Communications,13
3745657719,Media & Communications,13
3744796594,Media & Communications,13
3729502869,Media & Communications,13
3735624409,Media & Communications,13
3739548009,Media & Communications,13
3710067327,Media & Communications,13
3733971563,Media & Communications,13
3746599881,Media & Communications,13
3708567312,Media & Communications,13
3744774482,Media & Communications,13
3701782278,Media & Communications,13
3747428185,Media & Communications,13
3729434257,Media & Communications,13
3749003592,Media & Communications,13
3703428683,Media & Communications,13
3731604585,Media & Communications,13
3750185182,Media & Communications,13
3714593817,Media & Communications,13
3707368288,Media & Communications,13
3706087109,Media & Communications,13
3736246337,Media & Communications,13
3746720751,Media & Communications,13
3720914441,Media & Communications,13
3744150996,Media & Communications,13
3739971062,Media & Communications,13
3740231881,Media & Communications,13
3606883718,Media & Communications,13
3747020725,Media & Communications,13
3707353353,Media & Communications,13
3754943312,Media & Communications,13
3708510454,Media & Communications,13
3744772705,Media & Communications,13
3661674712,Media & Communications,13
3746464489,Media & Communications,13
3708567308,Media & Communications,13
3737993183,Media & Communications,13
3691343257,Media & Communications,13
3684307372,Media & Communications,13
3709888840,Media & Communications,13
3709892762,Media & Communications,13
3737067021,Media & Communications,13
3745313568,Media & Communications,13
3748852662,Media & Communications,13
3727073335,Media & Communications,13
3690458305,Media & Communications,13
3724273774,Media & Communications,13
3732233018,Media & Communications,13
3587581253,Media & Communications,13
3725605613,Media & Communications,13
3731563557,Media & Communications,13
3755711047,Media & Communications,13
3731948729,Media & Communications,13
3688197861,Media & Communications,13
3708506883,Media & Communications,13
3743665685,Non-Profit & Social Services,14
3745372663,Non-Profit & Social Services,14
3641767486,Non-Profit & Social Services,14
3709893165,Non-Profit & Social Services,14
3738559982,Non-Profit & Social Services,14
3732706680,Non-Profit & Social Services,14
3715252773,Non-Profit & Social Services,14
3651897605,Non-Profit & Social Services,14
3737168273,Non-Profit & Social Services,14
3711655059,Non-Profit & Social Services,14
3709887889,Non-Profit & Social Services,14
3609237645,Non-Profit & Social Services,14
3743485566,Non-Profit & Social Services,14
3709893182,Non-Profit & Social Services,14
3641771228,Non-Profit & Social Services,14
3754916972,Non-Profit & Social Services,14
3641777295,Non-Profit & Social Services,14
3638079487,Non-Profit & Social Services,14
3732283343,Non-Profit & Social Services,14
3714320478,Non-Profit & Social Services,14
3670841342,Non-Profit & Social Services,14
3741216623,Non-Profit & Social Services,14
3748857242,Non-Profit & Social Services,14
3744880691,Non-Profit & Social Services,14
3736467084,Non-Profit & Social Services,14
3732706601,Non-Profit & Social Services,14
3735950841,Non-Profit & Social Services,14
3732227337,Non-Profit & Social Services,14
3719405745,Non-Profit & Social Services,14
3732666032,Non-Profit & Social Services,14
3709889736,Non-Profit & Social Services,14
3741827261,Non-Profit & Social Services,14
3731643132,Non-Profit & Social Services,14
3744133576,Non-Profit & Social Services,14
3745373596,Non-Profit & Social Services,14
3709892498,Non-Profit & Social Services,14
3747649233,Non-Profit & Social Services,14
3742812973,Non-Profit & Social Services,14
3742631137,Non-Profit & Social Services,14
3725353943,Non-Profit & Social Services,14
3722160337,Non-Profit & Social Services,14
3741193095,Non-Profit & Social Services,14
3752454407,Non-Profit & Social Services,14
3734688497,Non-Profit & Social Services,14
3668254640,Non-Profit & Social Services,14
3748414803,Non-Profit & Social Services,14
3741084191,Non-Profit & Social Services,14
3621022700,Non-Profit & Social Services,14
3740819701,Non-Profit & Social Services,14
3641775716,Non-Profit & Social Services,14
3673080745,Non-Profit & Social Services,14
3719165720,Non-Profit & Social Services,14
3670843133,Non-Profit & Social Services,14
3754307170,Non-Profit & Social Services,14
3746727107,Non-Profit & Social Services,14
3744882183,Non-Profit & Social Services,14
3735034364,Non-Profit & Social Services,14
3745638956,Retail & Consumer Goods,15
3647557670,Retail & Consumer Goods,15
3754594297,Retail & Consumer Goods,15
3744697785,Retail & Consumer Goods,15
3590302859,Retail & Consumer Goods,15
3714217421,Retail & Consumer Goods,15
3734467681,Retail & Consumer Goods,15
3752625210,Retail & Consumer Goods,15
3705381428,Retail & Consumer Goods,15
3732334774,Retail & Consumer Goods,15
3724691051,Retail & Consumer Goods,15
3754427175,Retail & Consumer Goods,15
3745480515,Retail & Consumer Goods,15
3754624498,Retail & Consumer Goods,15
3723593067,Retail & Consumer Goods,15
3750109964,Retail & Consumer Goods,15
3742407096,Retail & Consumer Goods,15
3660252179,Retail & Consumer Goods,15
3564818621,Retail & Consumer Goods,15
3734719627,Retail & Consumer Goods,15
3734118425,Retail & Consumer Goods,15
3687823200,Retail & Consumer Goods,15
3684417077,Retail & Consumer Goods,15
3746556586,Retail & Consumer Goods,15
3737066056,Retail & Consumer Goods,15
3741947507,Retail & Consumer Goods,15
3725229858,Retail & Consumer Goods,15
3665707277,Retail & Consumer Goods,15
3739611424,Retail & Consumer Goods,15
3749524954,Retail & Consumer Goods,15
3744807778,Retail & Consumer Goods,15
3732705648,Retail & Consumer Goods,15
3746298204,Retail & Consumer Goods,15
3725797541,Retail & Consumer Goods,15
3699454866,Retail & Consumer Goods,15
3749166910,Retail & Consumer Goods,15
3732544055,Retail & Consumer Goods,15
3755972674,Retail & Consumer Goods,15
3667725199,Retail & Consumer Goods,15
3727402685,Retail & Consumer Goods,15
3664569359,Retail & Consumer Goods,15
3587419609,Retail & Consumer Goods,15
3737491805,Retail & Consumer Goods,15
3753684677,Retail & Consumer Goods,15
3753768188,Retail & Consumer Goods,15
3720129223,Retail & Consumer Goods,15
3720976347,Retail & Consumer Goods,15
3730355141,Retail & Consumer Goods,15
3741072427,Sales & Marketing,16
3754921596,Sales & Marketing,16
3701058926,Sales & Marketing,16
3696103695,Sales & Marketing,16
3731370303,Sales & Marketing,16
3725848478,Sales & Marketing,16
3738081533,Sales & Marketing,16
3626006447,Sales & Marketing,16
3711974587,Sales & Marketing,16
3690192506,Sales & Marketing,16
3748736106,Sales & Marketing,16
3676520150,Sales & Marketing,16
3677571574,Sales & Marketing,16
3726629378,Sales & Marketing,16
3699943088,Sales & Marketing,16
3738080536,Sales & Marketing,16
3741102684,Sales & Marketing,16
3754366505,Sales & Marketing,16
3681227741,Sales & Marketing,16
3737272064,Sales & Marketing,16
3720189094,Sales & Marketing,16
3671106252,Sales & Marketing,16
3747038829,Sales & Marketing,16
3677574361,Sales & Marketing,16
3661677108,Sales & Marketing,16
3654428081,Sales & Marketing,16
3709898752,Sales & Marketing,16
3737034890,Sales & Marketing,16
3675098256,Sales & Marketing,16
3720399629,Sales & Marketing,16
3673087608,Sales & Marketing,16
3727380304,Sales & Marketing,16
3736331292,Sales & Marketing,16
3717056831,Sales & Marketing,16
3720127424,Sales & Marketing,16
3745308618,Sales & Marketing,16
3732705657,Sales & Marketing,16
3708576454,Sales & Marketing,16
3740231313,Sales & Marketing,16
3739544372,Sales & Marketing,16
3685997399,Sales & Marketing,16
3673082411,Sales & Marketing,16
3717180033,Sales & Marketing,16
3738122272,Sales & Marketing,16
3736798822,Sales & Marketing,16
3673084695,Sales & Marketing,16
3732710097,Sales & Marketing,16
3711089762,Sales & Marketing,16
3750196304,Sales & Marketing,16
3741161325,Sales & Marketing,16
3745303914,Sales & Marketing,16
3736573118,Sales & Marketing,16
3739565360,Sales & Marketing,16
3748837959,Sales & Marketing,16
3735322439,Sales & Marketing,16
3687783196,Sales & Marketing,16
3735955237,Sales & Marketing,16
3739116156,Sales & Marketing,16
3727737543,Sales & Marketing,16
3699644267,Sales & Marketing,16
3734118028,Sales & Marketing,16
3688542865,Sales & Marketing,16
3711522298,Sales & Marketing,16
3711519921,Sales & Marketing,16
3740232223,Sales & Marketing,16
3732706583,Sales & Marketing,16
3746993465,Sales & Marketing,16
3746260213,Sales & Marketing,16
3670459911,Sales & Marketing,16
3623656829,Sales & Marketing,16
3716062022,Sales & Marketing,16
3732711007,Sales & Marketing,16
3733365182,Sales & Marketing,16
3732711004,Sales & Marketing,16
3668765607,Sales & Marketing,16
3735094325,Sales & Marketing,16
3732704984,Sales & Marketing,16
3732708311,Sales & Marketing,16
3732710165,Sales & Marketing,16
3732709222,Sales & Marketing,16
3732704903,Sales & Marketing,16
3738534220,Sales & Marketing,16
3735095264,Sales & Marketing,16
3707038340,Sales & Marketing,16
3728598012,Science & Research,17
3737359678,Science & Research,17
3728844807,Science & Research,17
3716063050,Science & Research,17
3736085676,Science & Research,17
3739288570,Science & Research,17
3737359708,Science & Research,17
3730701144,Science & Research,17
3734720606,Science & Research,17
3727927783,Science & Research,17
3735566188,Science & Research,17
3742485569,Science & Research,17
3739450574,Science & Research,17
3659796428,Science & Research,17
3729701327,Science & Research,17
3746565935,Science & Research,17
3736009224,Science & Research,17
3733971159,Science & Research,17
3734836142,Science & Research,17
3735058524,Science & Research,17
3732204255,Science & Research,17
3754331714,Science & Research,17
3741714848,Science & Research,17
3728844824,Science & Research,17
3744799175,Science & Research,17
3672850068,Science & Research,17
3750402895,Science & Research,17
3711152233,Science & Research,17
3749658944,Science & Research,17
3731339767,Science & Research,17
3725329388,Science & Research,17
3737359709,Science & Research,17
3725412467,Science & Research,17
3746277412,Science & Research,17
3748507913,Science & Research,17
3732705590,Science & Research,17
3670990366,Science & Research,17
3735374477,Science & Research,17
3731290042,Science & Research,17
3728463995,Science & Research,17
3748496633,Science & Research,17
3748492629,Science & Research,17
3737787516,Science & Research,17
3656429001,Science & Research,17
3667909373,Science & Research,17
3755111025,Science & Research,17
3729092415,Science & Research,17
3712839025,Science & Research,17
3748499383,Science & Research,17
3734919525,Science & Research,17
3748912413,Science & Research,17
3711780164,Science & Research,17
3741138074,Science & Research,17
3707592690,Science & Research,17
3686843498,Science & Research,17
3749668806,Science & Research,17
3748495364,Science & Research,17
3723995931,Science & Research,17
3742720063,Science & Research,17
3747648312,Science & Research,17
3670567560,Science & Research,17
3743903323,Science & Research,17
3715833718,Science & Research,17
3738567018,Science & Research,17
3736647172,Science & Research,17
3747762062,Science & Research,17
3730373638,Science & Research,17
3723988355,Science & Research,17
3755112281,Science & Research,17
3737237519,Science & Research,17
3733977593,Science & Research,17
3732126059,Science & Research,17
3736256809,Science & Research,17
3735093942,Science & Research,17
3709889735,Science & Research,17
3752605443,Science & Research,17
3731920207,Science & Research,17
3732710120,Software & IT,18
3725576217,Software & IT,18
3730574393,Software & IT,18
3581141629,Software & IT,18
3667473447,Software & IT,18
3690822022,Software & IT,18
3731776592,Software & IT,18
3708513143,Software & IT,18
3744131947,Software & IT,18
3730143357,Software & IT,18
3708566339,Software & IT,18
3749743428,Software & IT,18
3732868165,Software & IT,18
3656541480,Software & IT,18
3661673807,Software & IT,18
3705897415,Software & IT,18
3739145056,Software & IT,18
3730568794,Software & IT,18
3728426916,Software & IT,18
3724367768,Software & IT,18
3706787822,Software & IT,18
3736840242,Software & IT,18
3707649794,Software & IT,18
3698316359,Software & IT,18
3736607505,Software & IT,18
3708509642,Software & IT,18
3739540923,Software & IT,18
3732612168,Software & IT,18
3681504095,Software & IT,18
3582398671,Software & IT,18
3723249462,Software & IT,18
3718384423,Software & IT,18
3732560177,Software & IT,18
3748733536,Software & IT,18
3720770374,Software & IT,18
3590304129,Software & IT,18
3738159830,Software & IT,18
3735683954,Software & IT,18
3712727254,Software & IT,18
3732709192,Software & IT,18
3742269280,Software & IT,18
3728004252,Software & IT,18
3720991428,Software & IT,18
3708574187,Software & IT,18
3736841128,Software & IT,18
3676512433,Software & IT,18
3735742164,Software & IT,18
3738108382,Software & IT,18
3736677743,Software & IT,18
3737397873,Software & IT,18
3725262357,Software & IT,18
3528496461,Software & IT,18
3735218997,Software & IT,18
3734959434,Software & IT,18
3670387950,Software & IT,18
3726148314,Software & IT,18
3680596164,Software & IT,18
3722456278,Software & IT,18
3668510614,Software & IT,18
3741937931,Software & IT,18
3710751759,Software & IT,18
3733075340,Software & IT,18
3706656699,Software & IT,18
3647560354,Software & IT,18
3733438493,Software & IT,18
3732570080,Software & IT,18
3741968274,Software & IT,18
3303581157,Software & IT,18
3732206129,Software & IT,18
3642711952,Software & IT,18
3590298846,Software & IT,18
3738160990,Software & IT,18
3699684603,Software & IT,18
3717206861,Software & IT,18
3673126607,Software & IT,18
3708506876,Software & IT,18
3728609454,Software & IT,18
3726706642,Software & IT,18
3738164329,Software & IT,18
3645897117,Software & IT,18
3669506663,Software & IT,18
3727571312,Software & IT,18
3715850196,Software & IT,18
3740052241,Software & IT,18
3720115111,Software & IT,18
3739534588,Software & IT,18
3733570913,Software & IT,18
3691765287,Software & IT,18
3610049313,Software & IT,18
3752028495,Software & IT,18
3745308598,Software & IT,18
3742771289,Software & IT,18
3668047229,Software & IT,18
3728146520,Software & IT,18
3617315234,Software & IT,18
3697773035,Software & IT,18
3729945866,Software & IT,18
3654105005,Software & IT,18
3731377365,Software & IT,18
3753516484,Software & IT,18
3747573011,Software & IT,18
3742087060,Software & IT,18
3754420877,Software & IT,18
3747798081,Software & IT,18
3743129503,Software & IT,18
3754448700,Software & IT,18
3748925694,Software & IT,18
3747439961,Software & IT,18
3744003838,Software & IT,18
3744437566,Software & IT,18
3744009807,Software & IT,18
3744007403,Software & IT,18
3706082745,Software & IT,18
3748216642,Software & IT,18
3747471584,Software & IT,18
3742067304,Software & IT,18
3750699856,Software & IT,18
3731984273,Software & IT,18
3669209828,Software & IT,18
3733759915,Software & IT,18
3730751284,Software & IT,18
3708513181,Software & IT,18
3744715306,Software & IT,18
3660365077,Software & IT,18
3652073089,Software & IT,18
3724241613,Software & IT,18
3705898427,Software & IT,18
3725269981,Software & IT,18
3747365066,Software & IT,18
3658777405,Software & IT,18
3728955932,Software & IT,18
3713668871,Software & IT,18
3749545871,Software & IT,18
3748750152,Software & IT,18
3745188111,Software & IT,18
3747076211,Software & IT,18
3748530035,Software & IT,18
3749246811,Software & IT,18
3754940828,Software & IT,18
3755182698,Software & IT,18
3747493354,Software & IT,18
3630042904,Software & IT,18
3754695530,Software & IT,18
3754333226,Software & IT,18
3750890305,Software & IT,18
3750199681,Software & IT,18
3754430005,Software & IT,18
3749500713,Software & IT,18
3749143753,Software & IT,18
3745277522,Software & IT,18
3710059086,Software & IT,18
3736438870,Software & IT,18
3739962624,Software & IT,18
3737913396,Software & IT,18
3742835673,Software & IT,18
3755125929,Software & IT,18
3755218059,Software & IT,18
3743482803,Software & IT,18
3746219802,Software & IT,18
3754429363,Software & IT,18
3746900492,Software & IT,18
3747647473,Software & IT,18
3750186110,Software & IT,18
3755342265,Software & IT,18
3750503429,Software & IT,18
3754420851,Software & IT,18
3746604117,Software & IT,18
3688000649,Software & IT,18
3667473845,Software & IT,18
3708565670,Software & IT,18
3716097654,Software & IT,18
3715603212,Software & IT,18
3729740204,Software & IT,18
3729152801,Software & IT,18
3676099235,Software & IT,18
3746461968,Software & IT,18
3660402916,Software & IT,18
3729504686,Software & IT,18
3734826801,Software & IT,18
3729509052,Software & IT,18
3732706548,Software & IT,18
3732704982,Software & IT,18
3646122151,Software & IT,18
3707383358,Software & IT,18
3729508158,Software & IT,18
3719385199,Software & IT,18
3702558693,Software & IT,18
3675322136,Software & IT,18
3708508814,Software & IT,18
3713801395,Software & IT,18
3746463627,Software & IT,18
3744811227,Software & IT,18
3682203522,Software & IT,18
3736911251,Software & IT,18
3708511295,Software & IT,18
3743323865,Software & IT,18
3743138505,Software & IT,18
3740575335,Software & IT,18
3721885159,Software & IT,18
3724277796,Software & IT,18
3730691551,Software & IT,18
3581598274,Software & IT,18
3703082015,Software & IT,18
3746466094,Software & IT,18
3729503803,Software & IT,18
3669795214,Software & IT,18
3743669180,Software & IT,18
3605885493,Software & IT,18
3670739772,Software & IT,18
3724268272,Software & IT,18
3719154047,Software & IT,18
3746462793,Software & IT,18
3745344274,Transportation & Logistics,19
3738378291,Transportation & Logistics,19
3732711073,Transportation & Logistics,19
3739137890,Transportation & Logistics,19
3673576440,Transportation & Logistics,19
3736344200,Transportation & Logistics,19
3750187663,Transportation & Logistics,19
3750114276,Transportation & Logistics,19
3750340323,Transportation & Logistics,19
3737240258,Transportation & Logistics,19
3745606584,Transportation & Logistics,19
3724250588,Transportation & Logistics,19
3748465837,Transportation & Logistics,19
3756981515,Transportation & Logistics,19
3747120620,Transportation & Logistics,19
3701731722,Transportation & Logistics,19
3721427060,Transportation & Logistics,19
3732587432,Transportation & Logistics,19
3749143742,Transportation & Logistics,19
3736255795,Transportation & Logistics,19
3739116255,Transportation & Logistics,19
3748930060,Transportation & Logistics,19
3714345128,Transportation & Logistics,19
3693547733,Transportation & Logistics,19
3748040663,Transportation & Logistics,19
3738987298,Transportation & Logistics,19
3746622605,Transportation & Logistics,19
3737404545,Transportation & Logistics,19
3749262441,Transportation & Logistics,19
3738995417,Transportation & Logistics,19
3744950191,Transportation & Logistics,19
3727540810,Transportation & Logistics,19
3664534049,Transportation & Logistics,19
3754915946,Transportation & Logistics,19
3754799955,Transportation & Logistics,19
3699438712,Transportation & Logistics,19
3744024426,Transportation & Logistics,19
3754911889,Transportation & Logistics,19
3744190104,Transportation & Logistics,19
3736834848,Transportation & Logistics,19
3738982865,Transportation & Logistics,19
3716402604,Transportation & Logistics,19
3736297822,Transportation & Logistics,19
3756927435,Transportation & Logistics,19
3736833781,Transportation & Logistics,19
3739492344,Transportation & Logistics,19
3733476979,Transportation & Logistics,19
3735084527,Transportation & Logistics,19
3737905440,Transportation & Logistics,19
3710033176,Transportation & Logistics,19
3740060176,Transportation & Logistics,19
3738793498,Transportation & Logistics,19
3733083485,Transportation & Logistics,19
3664567641,Transportation & Logistics,19
3601393306,Transportation & Logistics,19
3737951338,Transportation & Logistics,19
3730128093,Transportation & Logistics,19
3664073509,Transportation & Logistics,19
3713424208,Transportation & Logistics,19
3739487777,Transportation & Logistics,19
3701738308,Transportation & Logistics,19
3732705621,Transportation & Logistics,19
3741951508,Transportation & Logistics,19
3706563426,Transportation & Logistics,19
3720305774,Transportation & Logistics,19
3744345209,Transportation & Logistics,19
3745132592,Transportation & Logistics,19
3726292305,Transportation & Logistics,19
3743068692,Transportation & Logistics,19
3748470187,Transportation & Logistics,19
3748499948,Transportation & Logistics,19
3738981922,Transportation & Logistics,19
3676865762,Transportation & Logistics,19
3736639218,Transportation & Logistics,19
3706400748,Transportation & Logistics,19
3743050242,Transportation & Logistics,19
3742808052,Transportation & Logistics,19
3737404038,Transportation & Logistics,19
3753140016,Transportation & Logistics,19
3742189561,Transportation & Logistics,19
3750885044,Transportation & Logistics,19
3741334374,Transportation & Logistics,19
3745373914,Transportation & Logistics,19
3736839140,Transportation & Logistics,19
3744948632,Transportation & Logistics,19
3741259248,Transportation & Logistics,19
3736897918,Transportation & Logistics,19
3696002702,Transportation & Logistics,19
3750821477,Transportation & Logistics,19
3744950195,Transportation & Logistics,19
3705742466,Transportation & Logistics,19
